메뉴명,링크
본문 내용 바로가기,#inner_wrap
서울특별시,https://www.seoul.go.kr/
서울소식,/realmnews/in/list.do
시민참여,/citizen/citizen.do
분야별정보,https://news.seoul.go.kr
서울소개,/seoul/seoul.do
부서안내,//org.seoul.go.kr
정보공개,//opengov.seoul.go.kr
응답소,//eungdapso.seoul.go.kr
로그인,/member/userlogin/loginCheck.do
회원가입,/member/join/regist01.do
로그아웃,/member/userlogin/logOut.do
나의서울,/member/info/mySeoul.do
동행·매력 특별시 서울,/
24℃약한비단속,https://www.weather.go.kr
미세먼지(좋음)초미세먼지(좋음),//cleanair.seoul.go.kr/main.htm#tab1_01
주요뉴스,#slide1
전세사기 예방! 청년 맞춤 부동산 교육…사전신청하면 선물까지,https://mediahub.seoul.go.kr/archives/2019188?utm_source=main_inner1&utm_medium=banner&utm_campaign=hotissue
"체력 측정하고 1,000P 받자! 시청 로비 '서울체력장' 열린다",https://mediahub.seoul.go.kr/archives/2019190?utm_source=main_inner1&utm_medium=banner&utm_campaign=hotissue
40년 만에 열린 비밀공간! 시청역 'K-문화 스테이션' 개장,https://mediahub.seoul.go.kr/archives/2019161?utm_source=main_inner1&utm_medium=banner&utm_campaign=hotissue
방배·도곡·반포…신혼부부 '미리내집' 496세대 공급,https://mediahub.seoul.go.kr/archives/2019138?utm_source=main_inner1&utm_medium=banner&utm_campaign=hotissue
"서울의 밤, 달라진다! '서울형 야간경제' 본격화",https://mediahub.seoul.go.kr/archives/2019126?utm_source=main_inner1&utm_medium=banner&utm_campaign=hotissue
'강남 심야 자율주행택시' 7→19대로 확대…대기시간↓,https://mediahub.seoul.go.kr/archives/2019107?utm_source=main_inner1&utm_medium=banner&utm_campaign=hotissue
서울 소식 봐봐봐! '내 손안에 서울' 모바일 새단장 이벤트,https://mediahub.seoul.go.kr/archives/2019099?utm_source=main_inner1&utm_medium=banner&utm_campaign=hotissue
'택시 불러줘' 말하면 앱이 척척…AI '말하면척척' 출시,https://mediahub.seoul.go.kr/archives/2019078?utm_source=main_inner1&utm_medium=banner&utm_campaign=hotissue
"어르신, 기다리지 말고 전화하세요! 120 동행 콜택시",https://mediahub.seoul.go.kr/archives/2019040?utm_source=main_inner1&utm_medium=banner&utm_campaign=hotissue
모두의 카드 기후동행패스 9월 출시,https://mediahub.seoul.go.kr/archives/2019060?utm_source=main_inner1&utm_medium=banner&utm_campaign=hotissue
"서울 로컬여행, 여기부터 시작하세요 '서울에디션25'",https://mediahub.seoul.go.kr/archives/2018943?utm_source=main_inner1&utm_medium=banner&utm_campaign=hotissue
"가짜 뉴스에 속지 마세요! 정확한 팩트 체크, 서울시 팩트 브리핑",https://mediahub.seoul.go.kr/news/factBriefingNewsList.do?utm_source=main_inner1&utm_medium=banner&utm_campaign=hotissue
슬라이드 시작,#n
슬라이드 정지,#n
시민참여,#slide2
2026년 9월 시민안내사항 및 행사계획,https://news.seoul.go.kr/gov/archives/580419?utm_source=main_inner2&utm_medium=banner&utm_campaign=hotissue
2026년 가을편 서울꿈새김판 문안 공모,https://news.seoul.go.kr/gov/archives/580423?utm_source=main_inner2&utm_medium=banner&utm_campaign=hotissue
"에너지정보 누리집 설문조사하고, 기프티콘 받으세요",https://news.seoul.go.kr/env/archives/570526?utm_source=main_inner2&utm_medium=banner&utm_campaign=hotissue
2026 서울디자인 국제포럼SEOUL DESIGN INTERNATIONAL FORUM 2026,https://news.seoul.go.kr/culture/archives/533859?utm_source=main_inner2&utm_medium=banner&utm_campaign=hotissue
띵동! 「엄마 북돋움」 책상자가 집으로 찾아갑니다,https://news.seoul.go.kr/culture/archives/533851?utm_source=main_inner2&utm_medium=banner&utm_campaign=hotissue
1호 부부 탄생한 '서울팅'…오는 9월 한강버스에서 다시 열린다,https://news.seoul.go.kr/welfare/archives/582742?utm_source=main_inner2&utm_medium=banner&utm_campaign=hotissue
9월 독서의 달 기념 서울시 공공도서관 독서문화 프로그램 안내,https://news.seoul.go.kr/culture/archives/533842?utm_source=main_inner2&utm_medium=banner&utm_campaign=hotissue
제4기 한강 해설사 교육생 모집모집 기간 2026.8.24.(월)~9.9.(수) 오후 6시까지교육기간 2026.9.21.(월)~12.7.(월) 예정 신청하기,https://news.seoul.go.kr/env/archives/570442?utm_source=main_inner2&utm_medium=banner&utm_campaign=hotissue
"잠들지 않는 도시 서울, 낮보다 더 아름답고 즐거운 서울의 밤을 소개합니다.",https://news.seoul.go.kr/economy/archives/573831?utm_source=main_inner2&utm_medium=banner&utm_campaign=hotissue
2026년 서울무형문화축제,https://news.seoul.go.kr/culture/archives/533804?utm_source=main_inner2&utm_medium=banner&utm_campaign=hotissue
"한강야경투어 2026.8.20.~10.3. 매주 금, 토 19:00~20:30",https://news.seoul.go.kr/env/archives/568847?utm_source=main_inner2&utm_medium=banner&utm_campaign=hotissue
청년몽땅정보통 설문조사 참여 이벤트,https://news.seoul.go.kr/gov/archives/580256?utm_source=main_inner2&utm_medium=banner&utm_campaign=hotissue
2026년 '자영업클리닉' 신청 안내,https://news.seoul.go.kr/economy/archives/572372?listPage=1&utm_source=main_inner2&utm_medium=banner&utm_campaign=hotissue
2026 서울서베이 조사 실시(8.16.~9.30.),https://news.seoul.go.kr/gov/archives/579826?utm_source=main_inner2&utm_medium=banner&utm_campaign=hotissue
2026년 서울시 허위·과장 가맹정보 집중 신고,https://news.seoul.go.kr/economy/archives/573497?utm_source=main_inner2&utm_medium=banner&utm_campaign=hotissue
2026년 서울 반려견 순찰대 추가 모집,https://news.seoul.go.kr/safe/?p=518377&utm_source=main_inner2&utm_medium=banner&utm_campaign=hotissue
슬라이드 시작,#n
슬라이드 정지,#n
"K-문화 스테이션 개장, 새로운 매력공간 지속 조성",https://mayor.seoul.go.kr/oh/seoul/newsView.do?photoGallerySn=4623&curPage=1
서울특별시장 오세훈입니다.,https://mayor.seoul.go.kr/
시장에게 바란다,https://eungdapso.seoul.go.kr/req/mayor_hope/mayor_hope.do
공약(매니페스토),https://mayor.seoul.go.kr/oh/seoul/manifesto.do
정책제안,https://idea.seoul.go.kr/
투표,https://mvoting.seoul.go.kr/
설문조사,https://research.seoul.go.kr/
공공서비스예약,//yeyak.seoul.go.kr
응답소(민원신고),//eungdapso.seoul.go.kr
서울일자리,https://job.seoul.go.kr
부동산정보,https://land.seoul.go.kr/land/
서울런,https://slearn.seoul.go.kr/
서울복지포털,https://wis.seoul.go.kr
서울주거포털,//housing.seoul.go.kr/
청년몽땅정보통,https://youth.seoul.go.kr/
내 손안에 서울,https://mediahub.seoul.go.kr/news/newsMain.do?utm_source=main_inner2&utm_medium=icon&utm_campaign=btn_asite
상상대로 서울,https://idea.seoul.go.kr/
평생학습포털,https://sll.seoul.go.kr/main/MainView.do
시의회,https://www.smc.seoul.kr
전체누리집,//news.seoul.go.kr/gov/site?tr_code=service_site
2026 기지개페이스 고립은둔청(소)년 부모교육 모집,https://news.seoul.go.kr/gov/archives/580497
띵동! 「엄마 북돋움」 책상자가 집으로 찾아갑니다,https://news.seoul.go.kr/culture/archives/533851
1호 부부 탄생한 '서울팅'…오는 9월 한강버스에서 다시 열린다,https://news.seoul.go.kr/welfare/archives/582742
내 혈당을 실시간으로 캐치! 24시간 혈당 관리 파트너 '혈당캐치 9988',https://news.seoul.go.kr/welfare/archives/582660
청년몽땅정보통 설문조사 참여 이벤트,https://news.seoul.go.kr/gov/archives/580256
참여 신청 더보기,/eventreqst/list.do
2026년 9월 주요 시민안내사항 및 행사계획,https://news.seoul.go.kr/gov/archives/580419
2026. 8월 문화달력,https://news.seoul.go.kr/culture/archives/533635
2026 해치마당 미디어월 두 번째 전시,https://news.seoul.go.kr/culture/archives/533444
2026년 8월 주요 시민안내사항 및 행사계획,https://news.seoul.go.kr/gov/archives/579846
[서울시립 사진미술관] 《마틴 파: We Are Martin Parr》,https://news.seoul.go.kr/culture/archives/533475
행사 및 축제 더보기,/thismteventfstvl/list.do
법무행정서비스,https://legal.seoul.go.kr/
모기예보,https://news.seoul.go.kr/welfare/today_mosquito
식품안전정보,https://fsi.seoul.go.kr/front/index.do
스마트서울뷰,https://scpm.seoul.go.kr/
공공서비스예약,https://yeyak.seoul.go.kr
평생학습포털,https://sll.seoul.go.kr
청년몽땅정보통,https://youth.seoul.go.kr(?!/youngtech)
내손안에서울,https://mediahub.seoul.go.kr
서울주거포털,https://housing.seoul.go.kr
탄생육아 몽땅정보통,https://umppa.seoul.go.kr/hmpg
주택,//news.seoul.go.kr/citybuild/
경제,//news.seoul.go.kr/economy/
교통,//news.seoul.go.kr/traffic/
환경,//news.seoul.go.kr/env/
복지,//news.seoul.go.kr/welfare/
안전,//news.seoul.go.kr/safe/
문화,//news.seoul.go.kr/culture/
행정,//news.seoul.go.kr/gov/
"고유가 극복, 3만원 페이백으로 무제한 대중교통 이용!",https://news.seoul.go.kr/traffic/archives/516868
서울 국제개발협력 영상 챌린지,https://news.seoul.go.kr/economy/archives/574139
"불법사금융 피해, 이렇게 대응하세요!(예방부터 지원 정책까지)",https://news.seoul.go.kr/economy/archives/573661
"서울시, CU 협업 건강 간편식 5종 출시",https://news.seoul.go.kr/gov/archives/579482
제25회 서울역사학술대회: 사건으로 본 19세기 서울 - <추조결옥록>의 기록들-,https://news.seoul.go.kr/culture/archives/533891
서울시 공공심야약국 지정 운영 안내,https://news.seoul.go.kr/welfare/archives/567003
"야간, 휴일에도 진료하는 우리아이 안심의료기관",https://news.seoul.go.kr/welfare/archives/557457
전체보기,/realmnews/in/list.do
서울영상 더보기,/seoul/seoulVideo.do
고시공고,//www.seoul.go.kr/news/news_notice.do
2026년 서울시 문정운동정원광장 계약직 직원(시설과장) 채용 재공고,https://www.seoul.go.kr/news/news_notice.do?nttNo=464874
입찰공고,//www.seoul.go.kr/news/news_tender.do
서울광역청년센터 운영 민간위탁 재계약 적격자심의위원회 개최 결과 공고,https://www.seoul.go.kr/news/news_tender.do?nttNo=464816
채용시험,//www.seoul.go.kr/news/news_employ.do
서울형 매력일자리 「수목원·식물원 큐레이터 양성」5차 참여자 모집  서류심사 합격자 및 면접시험 시행 공고,https://www.seoul.go.kr/news/news_employ.do?nttNo=464875
보도자료,//www.seoul.go.kr/news/news_report.do
"(석간) 가을밤 어디서 즐길까…서울시, 가을축제 한눈에 보는 <서울축제지도> 발간",https://www.seoul.go.kr/news/news_report.do?nttNo=464934
서울녹서 더보기,/seoul/seoulVideo.do?v_gubun=2
전체보기,https://news.seoul.go.kr/gov/seoul-sns
페이스북,https://www.facebook.com/seoul.kr
인스타그램,https://www.instagram.com/seoul_official
유튜브,https://www.youtube.com/seoullive
트위터,https://twitter.com/seoulmania
네이버블로그,https://blog.naver.com/haechiseoul
카카오스토리,https://story.kakao.com/ch/seoul
카카오톡채널,https://pf.kakao.com/_WlXsV
슬라이드 시작,#n
슬라이드 정지,#n
서울시립대학교,https://www.uos.ac.kr/
보건환경연구원,https://sihe.seoul.go.kr
인재개발원,https://hrd.seoul.go.kr
농업기술센터,https://agro.seoul.go.kr/
서울종합방재센터,https://fire.seoul.go.kr/119center
119특수구조단,https://fire.seoul.go.kr/rescue
소방서,https://fire.seoul.go.kr/
소방학교,https://fire.seoul.go.kr/academy
서울아리수본부,https://arisu.seoul.go.kr
미래한강본부,https://hangang.seoul.go.kr
물재생센터,https://news.seoul.go.kr/env/water-recycling-facility/jungnang-water-center/jungnang-water-center-introduction
서북병원,https://sbhosp.seoul.go.kr/
어린이병원,https://childhosp.seoul.go.kr/
은평병원,https://ephosp.seoul.go.kr
서울역사박물관,https://museum.seoul.go.kr/
한성백제박물관,https://baekjemuseum.seoul.go.kr/
서울공예박물관,https://craftmuseum.seoul.go.kr/
시립미술관,https://sema.seoul.go.kr/
체육시설관리사업소,https://stadium.seoul.go.kr/
서울도서관,https://lib.seoul.go.kr/
서울역사편찬원,https://history.seoul.go.kr/
품질시험소,https://news.seoul.go.kr/citybuild/archives/209601
서울대공원,https://grandpark.seoul.go.kr
동부공원녹지사업소,https://parks.seoul.go.kr/information/list.do
중부공원녹지사업소,https://parks.seoul.go.kr/information/list.do
서부공원녹지사업소,https://parks.seoul.go.kr/information/list.do
북부공원녹지사업소,https://parks.seoul.go.kr/information/list.do
서울시립과학관,https://science.seoul.go.kr
서울식물원,https://botanicpark.seoul.go.kr/
서울기록원,https://archives.seoul.go.kr/
아동복지센터,https://child.seoul.go.kr/
공무원수련원,https://yeonsu.eseoul.go.kr
시민안전체험관,https://fire.seoul.go.kr/safe119
서울교통공사,https://www.seoulmetro.co.kr/
서울시설공단,https://www.sisul.or.kr/
서울특별시 농수산식품공사,https://www.garak.co.kr/
서울주택도시개발공사,https://www.i-sh.co.kr/
서울에너지공사,https://www.i-se.co.kr/
서울물재생시설공단,https://www.swr.or.kr/
서울의료원,https://www.seoulmc.or.kr/
서울연구원,https://www.si.re.kr/
서울경제진흥원,https://www.sba.seoul.kr/
서울신용보증재단,https://www.seoulshinbo.co.kr/
세종문화회관,https://www.sejongpac.or.kr/organization/main/main.do
서울특별시 여성가족재단,https://www.seoulwomen.or.kr/
서울시복지재단,https://www.welfare.seoul.kr/web/main/index.do
서울문화재단,https://www.sfac.or.kr/index.do
서울시립교향악단,https://www.seoulphil.or.kr/
서울디자인재단,https://www.seouldesign.or.kr/
서울미래인재재단,https://www.seoulfuture.or.kr/
서울특별시 평생교육진흥원,https://smile.seoul.kr/
서울관광재단,https://www.sto.or.kr/index
서울특별시 50플러스재단,https://50plus.or.kr/org/index.do
서울AI재단,https://saif.or.kr/
서울특별시 120다산콜재단,https://www.120dasan.or.kr/dsnc/main/main.do
서울투자진흥재단,https://investseoul.kr/web/main/mainPage.do
강남구,https://www.gangnam.go.kr
강동구,https://www.gangdong.go.kr
강북구,https://www.gangbuk.go.kr/
강서구,https://www.gangseo.seoul.kr
관악구,https://www.gwanak.go.kr
광진구,https://www.gwangjin.go.kr
구로구,https://www.guro.go.kr
금천구,https://www.geumcheon.go.kr
노원구,https://www.nowon.kr
도봉구,https://www.dobong.go.kr
동대문구,https://www.ddm.go.kr
동작구,https://www.dongjak.go.kr
마포구,https://www.mapo.go.kr
서대문구,https://www.sdm.go.kr/
서초구,https://www.seocho.go.kr
성동구,https://www.sd.go.kr
성북구,https://www.sb.go.kr
송파구,https://www.songpa.go.kr
양천구,https://www.yangcheon.go.kr
영등포구,https://www.ydp.go.kr
용산구,https://www.yongsan.go.kr
은평구,https://www.ep.go.kr
종로구,https://www.jongno.go.kr
중구,https://www.junggu.seoul.kr
중랑구,https://www.jungnang.go.kr
서울특별시,https://www.gov.kr/portal/orgInfo/6110000/locgov?administOrgCd=1100000000
부산광역시,https://www.gov.kr/portal/orgInfo/6260000/locgov?administOrgCd=2600000000
대구광역시,https://www.gov.kr/portal/orgInfo/6270000/locgov?administOrgCd=2700000000
인천광역시,https://www.gov.kr/portal/orgInfo/6280000/locgov?administOrgCd=2800000000
대전광역시,https://www.gov.kr/portal/orgInfo/6300000/locgov?administOrgCd=3000000000
울산광역시,https://www.gov.kr/portal/orgInfo/6310000/locgov?administOrgCd=3100000000
세종특별자치시,https://www.gov.kr/portal/orgInfo/5690000/locgov?administOrgCd=3600000000
경기도,https://www.gov.kr/portal/orgInfo/6410000/locgov?administOrgCd=4100000000
강원특별자치도,https://www.gov.kr/portal/orgInfo/6420000/locgov?administOrgCd=4200000000
충청북도,https://www.gov.kr/portal/orgInfo/6430000/locgov?administOrgCd=4300000000
충청남도,https://www.gov.kr/portal/orgInfo/6440000/locgov?administOrgCd=4400000000
전북특별자치도,https://www.gov.kr/portal/orgInfo/6450000/locgov?administOrgCd=4500000000
전남광주통합특별시,https://www.gov.kr/portal/orgInfo/6130000/locgov?administOrgCd=1200000000
경상북도,https://www.gov.kr/portal/orgInfo/6470000/locgov?administOrgCd=4700000000
경상남도,https://www.gov.kr/portal/orgInfo/6480000/locgov?administOrgCd=4800000000
제주특별자치도,https://www.gov.kr/portal/orgInfo/6500000/locgov?administOrgCd=5000000000
누리집 도우미,/helper/view.do
개인정보 처리방침,/helper/privacy.do?type=www
이용약관,/member/rule/rule.do
저작권 정책,/helper/copyright.do
영상정보처리기기 운영·관리 방침,/helper/media.do
누리집 바로잡기,/homepageCorrect/user/hpCorrect.do
누리집지도,/helper/siteMap.do
서울시 카카오톡 채널 추가,https://pf.kakao.com/_WlXsV
"문의 전화번호 120, 120 다산콜재단",https://www.120dasan.or.kr/
[찾아오시는 길],/seoul/map.do
모바일 버전 보기,javascript:void(0);
